,imdb_title,tmdb_title
0,Star Wars: Episode V - The Empire Strikes Back,The Empire Strikes Back
1,Goodfellas,GoodFellas
2,Star Wars: Episode IV - A New Hope,Star Wars
3,Star Wars: Episode VI - Return of the Jedi,Return of the Jedi
4,Dune: Part One,Dune
5,12 Monkeys,Twelve Monkeys
6,Monty Python's Life of Brian,Life of Brian
7,La haine,La Haine
8,Baahubali 2: The Conclusion,Bāhubali 2: The Conclusion
9,Gangs of Wasseypur,Gangs of Wasseypur - Part 2
10,Demon Slayer: Kimetsu no Yaiba - The Movie: Mugen Train,Demon Slayer -Kimetsu no Yaiba- The Movie: Mugen Train
11,Raatchasan,Ratsasan
12,Baahubali: The Beginning,Bāhubali: The Beginning
13,A Wednesday,A Wednesday!
14,Star Wars: Episode VII - The Force Awakens,Star Wars: The Force Awakens
15,Elite Squad 2: The Enemy Within,Elite Squad: The Enemy Within
16,Harry Potter and the Sorcerer's Stone,Harry Potter and the Philosopher's Stone
17,500 Days of Summer,(500) Days of Summer
18,The Boy in the Striped Pajamas,The Boy in the Striped Pyjamas
19,My Left Foot,My Left Foot: The Story of Christy Brown
20,Miracle on 34th Street,Miracle On 34th Street
21,Pink,PINK
22,Going Clear: Scientology & the Prison of Belief,Going Clear: Scientology and the Prison of Belief
23,Die Hard with a Vengeance,Die Hard: With a Vengeance
24,The Raid: Redemption,The Raid
25,Blue Is the Warmest Colour,Blue Is the Warmest Color
26,Good Bye Lenin!,"Good Bye, Lenin!"
27,Y tu mamá también,Y Tu Mamá También
28,Lilya 4-Ever,Lilya 4-ever
29,Kagemusha: The Shadow Warrior,Kagemusha
30,Kai Po Che,Kai Po Che!
31,Cries & Whispers,Cries and Whispers
32,Vivre sa vie,Vivre Sa Vie
33,"Blood In, Blood Out",The Inventor: Out for Blood in Silicon Valley
34,Nostalghia,Andrey Tarkovsky in Nostalghia
35,Le cercle rouge,Le Cercle Rouge
36,Tucker and Dale vs Evil,Tucker and Dale vs. Evil
37,Guy Ritchie's the Covenant,Guy Ritchie's The Covenant
38,"Planes, Trains & Automobiles","Planes, Trains and Automobiles"
39,Monty Python's the Meaning of Life,Monty Python's The Meaning of Life
40,Pushpa: The Rise - Part 1,Pushpa - The Rise
41,Only the Brave,Only The Brave
42,Le Dîner de Cons,The Dinner Game
43,Evil,EVIL
44,Hanu Man,Hanu-Man
45,Playtime,PlayTime
46,X2: X-Men United,X2
47,Spider-Man: Far from Home,Spider-Man: Far From Home
48,Borat,"Borat: VHS Cassette of Material Deemed ""Sub-Acceptable"" by Kazakhstan Ministry of Censorship and Circumcision"
49,National Lampoon's Animal House,Unseen + Untold: National Lampoon's Animal House
50,Dead Alive,Dead or Alive 2: Birds
51,Tár,TÁR
52,La Vie En Rose,La Vie en Rose
53,Mid90s,mid90s
54,The Wind that Shakes the Barley,The Wind That Shakes the Barley
55,Drunken Master II,Drunken Master III
56,Withnail and I,Withnail & I
57,It's a Mad Mad Mad Mad World,"It's a Mad, Mad, Mad World II"
58,'83,83
59,"Duck, You Sucker!","Duck, You Sucker"
60,Lupin III: The Castle of Cagliostro,Lupin the Third: The Castle of Cagliostro
61,"Argentina, 1985",Argentina 1985
62,Monty Python's and Now for Something Completely Different,And Now for Something Completely Different
63,A Hero,Once Upon a Time: The Super Heroes
64,Tanu Weds Manu Returns,Tanu Weds Manu: Returns
65,Cure,CURE
66,Between Family,Between Friends and Family
67,Seeking True Love,Foolishly Seeking True Love
68,El Camino,El camino
69,Rocketman,RocketMan
70,Say Anything,Say Anything...
71,Kabhi Khushi Kabhie Gham...,Kabhi Khushi Kabhie Gham
72,The Guernsey Literary and Potato Peel Pie Society,The Guernsey Literary & Potato Peel Pie Society
73,The Blind Swordsman: Zatoichi,Zatoichi: Darkness Is His Ally
74,Talaash: The Answer Lies Within,Talaash
75,Yahsi Bati - The Ottoman Cowboys,Bajirao Mastani
76,SLC Punk!,SLC Punk
77,Mesrine: Public Enemy No. 1,Mesrine: Public Enemy #1
78,To Strike,Journey to the West: The Demons Strike Back
79,Waking Ned Devine,Waking Ned
80,If....,if....
81,Stuck in Love.,Stuck in Love
82,Go,GO
83,"Paris, Je T'aime",Paris Je T'aime
84,"Sex, Lies, and Videotape","sex, lies, and videotape"
85,The Good the Bad the Weird,"The Good, the Bad, the Weird"
86,Department Q: The Keeper of Lost Causes,The Keeper of Lost Causes
87,Somewhere in Time,Somewhere In Time
88,Horror of Dracula,The Horror of Dracula
89,Department Q: The Absent One,The Absent One
90,The 40-Year-Old Virgin,The 40 Year Old Virgin
91,Glass Onion,Glass Onion: A Knives Out Mystery
92,Dogtooth,DOGTOOTH
93,Ever After: A Cinderella Story,EverAfter
94,Ong-Bak: The Thai Warrior,Ong Bak
95,Kalki 2898 AD,Kalki 2898-AD
96,Gomorrah,GOMORRAH
97,Better Off Dead,Better Off Dead?
98,Serial Bad Weddings,Serial (Bad) Weddings
99,Hang 'Em High,Hang 'em High
100,Nyad,NYAD
101,Matilda: The Musical,Roald Dahl's Matilda the Musical
102,A Brilliant Young Mind,X+Y
103,Fathers & Daughters,"Strong Fathers, Strong Daughters"
104,Professor Marston & the Wonder Women,Professor Marston and the Wonder Women
105,Supercop,SuperCop
106,Red,RED
107,Extraction II,Extraction 2
108,The X Files,The X-Files
109,The Meyerowitz Stories,The Meyerowitz Stories (New and Selected)
110,Bubba Ho-Tep,Bubba Ho-tep
111,Stree 2: Sarkate Ka Aatank,Stree 2
112,Munich: The Edge of War,Munich – The Edge of War
113,Borg vs. McEnroe,Borg vs McEnroe
114,Alan Partridge,Steve Coogan - Live As Alan Partridge And Other Less Successful Characters
115,Jerry and Marge Go Large,Jerry & Marge Go Large
116,DuckTales the Movie: Treasure of the Lost Lamp,DuckTales: The Movie - Treasure of the Lost Lamp
117,Leap!,Leap Year
118,Star Wars: Episode VIII - The Last Jedi,Star Wars: The Last Jedi
119,Tenacious D in the Pick of Destiny,Tenacious D in The Pick of Destiny
120,2010: The Year We Make Contact,2010
121,Tristan + Isolde,Tristan & Isolde
122,The Pirates! Band of Misfits,The Pirates! In an Adventure with Scientists!
123,Everything You Always Wanted to Know About Sex * But Were Afraid to Ask,Everything You Always Wanted to Know About Sex *But Were Afraid to Ask
124,Rare Exports,Rare Exports: A Christmas Tale
125,House on Haunted Hill,House On Haunted Hill
126,Two Days in Paris,2 Days in Paris
127,Colors,COLORs
128,Men in Black³,Men in Black
129,Tron: Legacy,TRON: Legacy
130,A Series of Unfortunate Events,Lemony Snicket's A Series of Unfortunate Events
131,The Inbetweeners,The Inbetweeners Movie
132,Fear Street: Part Two - 1978,Fear Street: 1978
133,Salaar,Salaar: Part 2 - Shouryaanga Parvam
134,Alpha,ALPHA
135,Fear Street: Part Three - 1666,Fear Street: 1666
136,Goal! The Dream Begins,Goal!
137,Transsiberian,TransSiberian
138,Miracle on 34th Street,Miracle On 34th Street
139,Batman: The Movie,The Lego Batman Movie
140,Dodgeball: A True Underdog Story,DodgeBall: A True Underdog Story
141,Mother!,mother!
142,Three Amigos!,¡Three Amigos!
143,Bad Lieutenant: Port of Call New Orleans,Bad Lieutenant: Port of Call - New Orleans
144,[Rec]²,[REC]²
145,I Heart Huckabees,I ♥ Huckabees
146,Mousehunt,MouseHunt
147,Incident in a Ghostland,The Phantom Image: The Making of Incident in a Ghostland
148,Choke,CHOKE
149,Every Which Way But Loose,Every Which Way but Loose
150,HouseSitter,Housesitter
151,Den of Thieves: Pantera,Den of Thieves 2: Pantera
152,Pokémon: Detective Pikachu,Pokémon Detective Pikachu
153,Life as We Know It,Life As We Know It
154,Safe,SAFE
155,Naked Gun 33 1/3: The Final Insult,Naked Gun 33⅓: The Final Insult
156,Watcher,WATCHER
157,Formula 51,The 51st State
158,Pokémon: The First Movie - Mewtwo Strikes Back,Pokémon: The First Movie
159,Damien: Omen II,Damien - Omen II
160,Culpa Mía,My Fault
161,Savi,Roberto Saviano: Writing Under Police Protection
162,The Taking of Pelham 123,The Taking of Pelham One Two Three
163,Monsters vs. Aliens,Monsters vs Aliens
164,Van Wilder,Van Wilder: Freshman Year
